cawbi,CYVV,CYXR,CYYZ,CYYB,CYZE,CYKZ,CYPQ,CYQA,CYOO,CYSB,CYBN
cawbm,CYYY,K40B,CYQB,CYRJ,CYOY,CYBC,CYBG,KFVE
cawgj,KDRM,CYXZ,KISQ,KCIU,KP53,KPLN,KCVX,CYZE,KSAW,CYLD,KSLH,KMGN,KERY,KANJ,KSJX,KPZQ,CYAM,CYSP,KMCD
cawhk,CYEG,CYED,CYXD,CYZU,CYZH,CYET,CYQF,CZVL,CWSE
cawhn,CYVT,CYMM,CWHN,CYLJ,CYLL,CYOD
cawkr,CYVV,CYXU,KIAG,CYGK,KDSV,CYYZ,CYZR,KOLE,KROC,KJHW,CYKZ,CYKF,KDKK,KELZ,CYPQ,CYQA,KERI,CYHM,CYOO,KBUF,CYSN,CYTZ,CYTR,CYBN
cawso,CYVV,KD95,KPOV,KLPR,KONZ,KRNP,KDTW,CYXU,KCFS,KHZY,KOZW,KIAG,KPCW,KCGF,KHYX,KLNN,KVLL,KP58,CYYZ,KARB,CYZR,KYIP,KBAX,KJHW,CYKZ,CYKF,KDKK,KFNT,KPTK,KMTC,KOSC,CYQG,CYQA,KYNG,KERI,CYHM,KIKW,KGKJ,CYOO,KBUF,CYSN,KCLE,CYTZ,CYBN,KMBS,KTTF,KDET,KBKL,KPHN
cawtp,CYYT,CYQX,CWWU,LFVP
cawuj,CYVR,CYDC,KUIL,KSEA,CYWH,KRNT,KNUW,CYXX,KBLI,CYYJ,CYYF,KPLU,CYHE,KOLM,KPAE,KPWT,KAWO,KOMK,CWLY,KTIW,CYKA,KEAT,KORS,CYPW,CWCL,KSMP,CYQQ,KFHR,KNOW,CWAE,CYAZ,KSHN,KCLM,KBFI,CYBL,KTCM,CYCD,KBVS,KGRF
cawvy,KFSO,KBML,K1V4,KEFK,KCDA,CYHU,KHIE,K40B,CYMX,CYQB,KPBG,CYRJ,CYRQ,KMVL,CYOY,KMWN,CYSC,KBTV,CYBG,CYUL,KGNR
cawww,CYDQ,CYXJ,CYPE,CYQU,CYCQ
caxam,CYGP,KPQI,CYYY,CYZV,KCAR,CZBF,CYSL,CYBC,KFVE
caxbe,CYEN,CYXE,KD50,CYQV,CYQR,CYMJ,CYYN
caxbu,CYXH,KCTB,CYKY,CYQL,CYYN,CYSD,KHVR
caxdr,CYXL,KROX,KCDD,KFOZ,KCQM,KELO,KORB,CYQK,KBDE,CYRL,CYHD,KVWU,KRRT,KFGN,KINL
caxft,KFSO,CYWA,KMSS,CYGK,CYHU,KROC,KGTB,CYPQ,KSLK,CYMX,KPBG,KFZY,CYND,CYOW,KSYR,KBTV,CYTR,KMPV,KRME,KART,CYUL
caxfw,CYDN,K06D,CYEN,KMIB,CYPG,CYQV,CYBR
caxgo,CYFC,CYYG,CYZX,CYHZ,CYPD,CYQM,CYQI,CYAW,CYSJ,CYCX
caxla,CYVO,CYXR,CYNM,CYUY
caxmb,CYGR,CYYG,CWSA,CYPD,CYQY
caxme,CYDF,CYJT,CYQX
caxnc,KMLT,KHUL,CYFC,KPQI,CYYG,CYZX,CYHZ,KCAR,CYQM,CZBF,CYAW,CYSL,CYSJ,KFVE,CYCX
caxni,CYGQ,KP59,KCKC,KELO,CYQT,CYSP,KBFW,KCMX,KGNA
caxpg,CYWL,CYXS,CYZY,CYQZ
caxra,CYXE,CYKY,CYLJ,CYLL,CYPA,CYQW
caxsi,CYVR,CYDC,KUIL,KSEA,CYWH,KRNT,KNUW,CYXX,KBLI,CYYJ,KPLU,CYHE,KOLM,KPAE,KPWT,KAWO,CWLY,KTIW,KORS,CYPW,CYQQ,KFHR,KNOW,CWAE,KHQM,CYAZ,KSHN,KCLM,KBFI,CYBL,KTCM,CYCD,KBVS,KGRF
caxsm,CYEG,CYXH,CYXC,CYYC,CZPC,CYQF,CYQL,CYSD,CYBW,CWSW
caxss,CYDC,CYGE,CYYF,CYHE,CYIN,KOMK,CWLY,CYKA,CYLW,CWCL,CYRV,CYCP,CYCG
caxti,CYXR,CYYU,CYLD,CYMO,CYTS,CYUY
caxwl,CYDN,K06D,CYWG,KROX,KD55,KGAF,K9D7,KRDR,K96D,CYPG,CYQK,K2C8,KHCO,CYBR,KRRT,KFGN,KDVL
usabc,PADM,PPIT,PAKI,PAHX,PAHC,PAHP,PAOO,PASM,PANV,PANA,PANI,PARS,PAPM,PAMY,PAMO,PAEH,PACM,PAQH,PABE,PALG,PAVA,PATG,PFKW,PAOU
usabr,KFSD,KFAR,KMML,K46D,KPQN,KS32,K7L2,KMOX,KETH,KMHE,KGWR,KBAC,KAXN,K8D3,KHON,KJKJ,KGDB,KBBB,KY63,KJMS,KCNB,KMVE,KATY,KY19,K9V9,KBIS,KDXX,KABR,KMDS,K2D5,KMBG,KPIR,KAQP,KBWP,KBKX,KVVV,KFFM
usabx,KSRR,KRQE,KPSO,KAEG,KONM,KE80,KDRO,KFMN,KSAF,KAXX,KLVS,KGUP,KLAM,KQCC,KSJN,KCQC,KSKX,KABQ,KTCS,KGNT,K0E0
usacg,PAGN,PAKW,PAFE,PAJN,PAOH,PASI,PAHY,PAAP,PAWG,PAPG,PAGS,PAEL
usaec,PADE,PAIW,PAKK,PAOM,PFEL,PASH,PAWM,PFSH,PAPC,PAGL,PAUN,PATC,PATE,PFKT,PAMK,PAEM
usahg,PATO,PAIL,PAHO,PASX,PASO,PASV,PASW,PAFL,PANC,PALJ,PAMR,PABV,PALH,PAAQ,PAWS,PAPT,PAFR,PAFK,PATK,PAED,PAEN,PAER,PAWD
usaih,PATO,PAMD,PACV,PAVD,PAWD
usakc,PADL,PAKH,PAJZ,PAII,PAIL,PAIG,PAKN,PFCL,PANW,PALJ,PAPH,PAPN,PFWS,PATG,PAMB
usakq,KNHK,KW96,KADW,KW75,KGSB,KFYJ,KW63,KWAL,KNKT,KLKU,KASJ,KFAF,KSHD,KVBW,KDCA,KEZF,KCHO,KEDE,KFRR,KOXB,KONX,KIAD,KISO,KHEF,KCGE,KCGS,KFCI,KJGG,KDAN,KW29,KDAA,KETC,KCXE,KGVE,KLHZ,KW31,KHRJ,KLFI,KNYG,KGWW,KGAI,KNGU,KNUI,KFME,KLYH,KNTU,KOMH,K8W2,KDPL,KIXA,KSBY,KPVG,KLVL,KW13,KW78,KRWI,KPGV,KNBT,KEWN,KNAK,KJYO,KAKQ,KOCW,KRDU,KHNZ,KPTB,KORF,KNFE,KIGX,KRIC,KTGI,KMFV,KGED,KEMV,KHSE,KECG,KOAJ,KCPK,KTTA,KXSA,K7W4,KOFP,KESN,K0V4,KFKN,KBUY,KTDF,K2W6,KSFQ,KJNX,KFVX,KRMN,KCJR,KHWY,KBWI,KMQI,KLUA,KBKT,KW81,KPHF,KFFA
usama,KDUX,KEHA,KCVS,KCVN,KPPA,KCDS,KWWR,KGAG,KHHF,KAXS,KPVW,KGUY,K4MR,KBPC,KLTS,KELK,KLBL,KLBB,KCAO,KCSM,KAMA,KHRX,KDHT,KPYX,KBGD,KHBR,KTCC
usamx,KFPR,KTMB,KRSW,MYGF,KPMP,KVRB,KFMY,KMIA,KFLL,KOBE,KPGD,KBCT,KMKY,KFXE,KHST,KPBI,KOPF,KAPF,MYFG,KIMM,KHWO,KSUA
usapd,PAIN,PANN,PAFB,PABI,PAFA,PATA,PAML,PFYU,PAEI
usapx,KGOV,KRQB,KD95,KDRM,KGLR,KRNP,KHTL,KMKG,KCFS,KMNM,KISQ,KHYX,KCIU,KP53,KP58,KMOP,KPLN,KCVX,CYZE,KY70,KBAX,KLDM,K3D2,KFNT,KTVC,KSLH,KLAN,KAMN,KOSC,KMGN,KERY,KANJ,KSJX,KPZQ,KIKW,KESC,KFKS,CYAM,KCAD,KAPN,KMBS,KMBL,KACB,KSUE,KMCD,KFFX,KGRR
usarx,K9MN,KMRJ,KRCX,KTOB,KIOW,KAEL,KMSN,KRNH,KRPD,KDBQ,KONA,KPCZ,KISW,KHYR,KAUW,KAUM,KFCM,KCID,KRRL,KEFT,KTKV,KOLZ,KAIG,KCWA,KCWI,KY23,KRST,KMIW,KFLD,KJVL,KPVB,KUNU,KLVN,KMXO,KUBE,KRYV,KCCY,KBCK,KMKT,KIFA,KALO,KFXY,KY51,KY50,KRGK,KCMY,KMFI,KIIB,KMSP,KMIC,KFBL,KCAV,KOEO,K21D,KOSH,KRFD,KPBH,KPDC,KEZS,KRHI,KANE,KRZN,KATW,KC29,KFKA,KSYN,KFEP,KLSE,KVTI,KC35,KCLI,KOVS,KVOK,KLNR,KSFY,KMDZ,KSTE,KSTP,K82C,KSGS,KDEH,KACQ,KOWA,KLUM,KMCW,KEAU
usatx,CYVR,CYDC,KUIL,KSEA,CYWH,KKLS,KRNT,KNUW,CYXX,KBLI,CYYJ,KPLU,CYHE,KOLM,KPAE,KPWT,KAWO,KOMK,K1YT,CWLY,KTIW,KYKM,KEAT,KEPH,KELN,KORS,CYPW,KSMP,CYQQ,KFHR,KNOW,CWAE,KHQM,K1QW,KSHN,KCLS,KCLM,KBFI,KTCM,CYCD,KBVS,KGRF
usbbx,KO54,KVCB,KPAO,KGOO,KRNO,KNUQ,KEDU,KBLU,KCIC,KSQL,KMOD,KSFO,KCXP,KAUN,KMHR,KMHS,KRBL,KBAN,KBAB,KSAC,KO22,KPVF,KLVK,KCCR,KFOT,KRTS,KMYV,KMEV,KRDD,KTVL,KO69,KSMF,KOAK,KRHV,KSJC,KLHM,KAAT,KUKI,KTRK,KAPC,KOVE,KSTS,KHAF,KHWD,KSCK,KSUU,KO86,KMCC,KDVO
usbgm,KDDH,KSMQ,KNYC,KPOU,KNY0,KMMU,K12N,KHZL,CYGK,KDSV,KLGA,KITH,KCXY,KSCH,KAVP,KCDW,KOLE,KROC,KPSF,KGFL,KGTB,KN03,KLDJ,KMDT,KEWR,KN38,KXLL,KRDG,KALB,KPTW,KELM,KELZ,KUNV,KMSV,KPEO,KFIG,KMUI,KMGJ,KTTN,KFZY,KUKT,KTEB,KLOM,KFWN,KSYR,KDYL,KBUF,KSWF,KBGM,KHPN,KDXR,KBFD,KLNS,KABE,KMPO,KRME,KART,KAQW,KMQS,KIPT,KHVN
usbhx,KO54,KCIC,KBOK,KMHS,KCEC,KRBL,KFOT,KRDD,KMFR,KSIY,KUKI,KACV,KO86
usbis,K5H4,KHZE,K46D,KHEI,KS32,K7L2,KMOT,KD60,KN60,KRUG,KGWR,KD57,KBAC,KMIB,K9D7,KJMS,KDIK,KD07,K20U,KY19,K08D,KS25,KBIS,KABR,K2D5,KMBG,KDVL
usblx,KPOY,KBZN,KP60,KJDN,KLWT,KMLS,KLVM,KGEY,KU68,KWYS,KMVH,KCOD,KBIL,KSHR,KBYG,KWRL
usbmx,KOZR,KFYM,KEYF,KA08,KSEM,KHUA,KASN,KDCU,KVPC,KMSL,K8A0,KATL,KEDN,KPRN,K0J4,KEET,KHEY,KSCD,KAUO,KLGC,KTOI,K6A1,K6A2,KJFX,KDNN,KOPN,KGAD,KEUF,K4A9,K4A6,KM40,KCTJ,KGTR,KCBM,KMXF,KMDQ,KPUJ,KRYY,KCCO,KMEI,KLSF,KGZH,KALX,KTUP,KHSV,KNMM,KMGM,KMGE,KLOR,KANB,KSXS,KFTY,KDHN,KDYA,K1M4,KBGF,K01M,KCSG,KSTF,KBHM,KRMG,KTCL,KCMD,K79J,K1A9,KFFC
usbox,KDDH,KWST,KGON,KPOU,KASH,KMMK,KLWM,KHFD,KHTO,KFRG,KAFN,KLEB,KOXC,KEEN,KISP,KHYA,KBOS,KDAW,KTAN,KMHT,KRUT,KPWM,KCEF,KCWN,KFMH,KLEW,KBAF,KPSF,KPSM,KSNC,KPVC,KPVD,KORH,KEWB,KFOK,KLCI,KIZG,KALB,KORE,KMTP,KFIT,KIJD,KOWD,KBDL,KBDR,KBVY,KMVY,K1P1,KPYM,KCON,KCQX,KUUU,KSWF,KBID,KOQU,KGHG,KHPN,KDXR,KVSF,KSFZ,KSFM,KACK,KAQW,KHWV,KMQE,KBED
usbro,KSPL,KRAS,KT65,KEBG,KHRL,KNGP,KRBO,MMRX,KMZG,KCRP,KALI,KTFP,KMFE,KBRO,KOPM,KRKP,KNOG,KNQI,KHBV,KAPY,KPIL,KBKS,MMMA
usbuf,KSEG,KDUJ,CYXU,KHZY,KIAG,CYGK,KDSV,CYYZ,KITH,KOLE,KROC,KN03,KJHW,CYKZ,CYKF,KN38,KDKK,KELM,KELZ,CYPQ,KUNV,KPEO,KFIG,CYQA,KYNG,KERI,KFZY,CYHM,KGKJ,CYOO,KFKL,KSYR,KBUF,KBGM,CYSN,KBFD,CYTZ,CYTR,CYBN,KIPT
usbyx,KTMB,KRSW,KPMP,KFMY,KMIA,KFLL,KMKY,KFXE,KHST,KOPF,KAPF,KIMM,KHWO
uscae,KMRN,KTOC,KMLJ,KGSP,KPOB,KSSC,KDCM,KMMT,KCEU,KHFF,KLKR,KCHS,KDBN,KCKI,K3J7,KAFP,KSPA,KMNI,KGMU,KHYW,KHKY,KAGS,KSCR,KFBG,KAVL,KCDN,KAHN,KLHW,KLRO,KDNL,KBNL,KRUQ,KRCZ,KAIK,KCWV,KHXD,KSAV,K5W8,KRBW,KFLO,KFAY,KSVN,KGGE,KCUB,KJYL,KAKH,KSOP,KMKS,KMYR,KWDR,KMEB,KCRE,KJQF,KBBP,KUZA,KAQX,KLBT,K19A,KIIY,KEQY,KCAE,KSMS,KCQW,KPDK,KCPC,KAND,KJZI,KNBC,KVUJ,KSVH,KEOE,KHQU,KGYH,KLQK,KDYB,KOGB,KMAO,KHBI,KFDW,KEHO,KCLT,KUDG,KARW,KHVS,KFQD,KSBO,KLUX,KTBR,KOKZ,KEXX,KVDI,KIPJ,KGRD
uscbw,KMLT,KHUL,CYFC,KPQI,KWVL,KAUG,K40B,KCAR,CYQM,CZBF,KRKD,KBGR,CYSL,CYSJ,KFVE,KBHB,CYCX,KGNR
uscbx,KJER,KGCD,KBOI,KBNO,KLGD,KEUL,KONO,KSNT,KREO,KMYL,KLLJ,KMUO,KMAN,KTWF,KSUN,KBKE,KBYI
usccx,KMRB,KHGR,KJST,KSEG,KDUJ,KW99,KDCA,KFRR,KHZL,KHZY,KIAD,KRSP,KAGC,KCGS,KDSV,KITH,KCXY,KAVP,KOLE,KROC,KGAI,KUCP,KFME,KDMH,KDMW,KIDI,KN03,KCBE,KJHW,KMDT,KRYT,KN38,KDKK,KXLL,KJYO,KRDG,KTHV,KPTW,KELM,KELZ,KLBE,KHLG,KUNV,KMTN,KPEO,KFIG,KMUI,KMGW,KYNG,KERI,KUKT,KGKJ,KFKL,KLOM,KAOO,KBUF,KBGM,KILG,KAPG,KFDK,KBTP,KBFD,KLNS,KABE,KMPO,KPIT,KAFJ,KBWI,KMQS,K2G9,K2G4,KOKV,KIPT,KHVN,KBVI
uscle,KADG,KMRT,KBJJ,KTOL,KD95,KPOV,KDUH,KLPR,KONZ,KDTW,CYXU,KHZY,KOZW,KMNN,KPCW,KCGF,KUSE,KAGC,KLNN,KVLL,KZZV,KARB,KTZR,CYZR,KSGH,KYIP,KUCP,KIDI,KAXV,KJHW,KDLZ,KLCK,KUYF,KDKK,KJYM,KAKR,KEDJ,KFNT,KJXN,KPTK,KLBE,KHLG,KMTC,KMFD,KUNI,KCAK,KOSU,CYQG,KYNG,KERI,KRZT,KGKJ,KPKB,KLHQ,KFKL,KAOH,KVTA,K4I3,KFDY,KBTP,KCLE,KDFI,KTDZ,KTTF,KPIT,KDET,KCMH,KAFJ,KBKL,KPHD,KPHN,KBVI
usclx,KMLJ,KSSI,KSSC,KJES,KDCM,KMMT,KEZM,KLKR,KCHS,KDBN,KCKI,K3J7,KMNI,KHYW,KAGS,KCDN,KLHW,KLRO,KDNL,KBNL,KAIK,KCWV,KDQH,KHXD,KSAV,KRBW,KFLO,KSVN,KGGE,KHOE,KCUB,KAYS,KJYL,KBQK,KMKS,KMYR,KMEB,KAZE,KAQX,KIIY,KCAE,KAMG,KSMS,KFHB,KFZG,KJZI,KNBC,KMCN,KEOE,KHQU,KDYB,KOGB,KMAO,KFDW,KUDG,KBHC,KARW,KHVS,KSBO,KLUX,KTBR,KOKZ,KVDI,KWRB,KGRD
uscrp,KVCT,K66R,KSSF,KRND,KCZT,KPEZ,KSPL,KRAS,KHYI,KHDO,KCVB,KT65,KEBG,KHRL,K3T5,KNGP,KBAZ,KSAT,KRBO,KPSX,KELA,KT20,MMRX,KMZG,KBQX,KCRP,KALI,KBBF,KTFP,KMFE,KBEA,KBRO,KOPM,MMNL,KRKP,KCOT,KPKV,KNOG,K5C1,KSKF,KNQI,KHBV,KAPY,KPIL,KBKS,KBYY,KLRD,MMMA,KARM
uscxx,KDDH,KNY0,KFSO,KASH,KBML,KMSS,KAFN,KLEB,K1V4,KEEN,KDAW,KSCH,KEFK,KCDA,CYHU,KMHT,KRUT,KPWM,KHIE,KCWN,KLEW,KPSF,KPSM,KGFL,KGTB,K6B0,KLCI,KIZG,KALB,KORE,KSLK,CYMX,KFIT,KPBG,CYND,CYRQ,KMVL,K1P1,CYOW,KCON,KMWN,CYSC,KBTV,KVSF,KSFM,KMPV,KRME,KART,KAQW,CYUL
uscys,KBJC,KTOR,K3MW,KEHY,KAFF,KMNH,KHEQ,KIBM,KLIC,KHDN,KCDR,K4BM,KCYS,KAIA,KEGE,KFMM,KSAA,KFLY,KSNY,KDLL,KGUR,KCCU,KAKO,KFNL,K0CO,KCAG,KLAR,KCPR,KGXY,KBDU,KFTG,K33V,K20V,KDGW,KFEW,KRWL,KAPA,KBFF,KSTK,K2V5,KEIK,K82V,KLMO,KDEN,KDWX,KBKF
usdax,KMRY,KVCB,KPAO,KGOO,KRNO,KMER,KNUQ,KEDU,KBLU,KCIC,KSQL,KMOD,KSFO,KCXP,KCVH,KAUN,KMHR,KRBL,KBAN,KBAB,KSAC,KO22,KPVF,KLVK,KCCR,KRTS,KMYV,KMEV,KRDD,KSNS,KTVL,KWVI,KO69,KSMF,KOAK,KRHV,KSJC,KLHM,KUKI,KMAE,KE16,KTRK,KAPC,KOVE,KSTS,KHAF,KHWD,KSCK,KSUU,KMCC,KMCE,KDVO
usddc,KDDC,KGLD,KGBD,KEHA,KIAB,KRSL,KGCK,K3K3,KAVK,KWWR,KICT,KGAG,KHHF,KCBK,KHUT,KJHN,KGUY,KEWK,KWDG,KSLN,KBPC,KPTT,KLBL,KLAA,KHLC,KEND,KPYX,KAAO,KP28,KHYS
usdfx,KOZA,KSSF,KRND,KCZT,KPEZ,KT82,K5T9,KSJT,KUVA,KDZB,KHYI,KHDO,KCVB,KDRT,KBAZ,KSAT,KDLF,KSOA,KBBD,K6R6,KECU,MMPG,KERV,KFTN,MMNL,KCOT,K5C1,KSKF,KAQO,KJCT,KLRD
usdgx,KBXA,KLLQ,KMLU,KA08,KCKM,KASD,KGLH,KRNV,KUOX,KGPT,KRSN,KHEZ,KPQL,KHKS,KHDC,KGWO,KM40,KGTR,KJVW,KCBM,KMOB,KBQP,KMEI,KTVR,KVKS,KHSA,K5A6,KNMM,KESF,KDYA,KJAN,KBIX,KHBG,KBTR,KSTF,K1R7,KTCL,KPIB,KHZR,KMCB,KGNF
usdix,KADW,KSMQ,KNYC,KPOU,KWAL,KMMU,KMMK,KPNE,K12N,KHTO,KHZL,KFRG,KBLM,KOXB,KOXC,KISP,KNEL,KCGE,KCGS,KLGA,KDOV,KW29,KCXY,KAVP,KCDW,KJFK,KWWD,KFME,KDMH,KDMW,KVAY,KMIV,KSBY,KSNC,KLDJ,KMJX,KMDT,KEWR,KNAK,KFOK,KXLL,KRDG,KTHV,KACY,KPTW,KMTP,KMTN,KGED,KMSV,KMUI,KMGJ,KTTN,KBDR,KUKT,KTEB,KESN,KLOM,KFWN,KDYL,KSWF,KILG,KHPN,KAPG,KDXR,KLNS,KABE,KMPO,KHWV,KBWI,KMQS,KPHL,KWRI,KHVN
usdlh,KADC,KBJI,KRCX,KMGG,KASX,KXVG,KRNH,KPNM,KRPD,KGPZ,KHZX,K04W,KHYR,KFCM,KSAZ,K14Y,KCDD,KTKV,KOLG,KROS,KPWC,KHIB,KEGV,KY23,KEVM,KLXL,KCKC,KCBG,KDLH,KTWM,KD39,KIWD,KUBE,KFOZ,KY49,KCQM,KD25,KELO,KORB,KMZH,KMSP,KMIC,KCOQ,KJMR,KOEO,K21D,KPBH,KANE,KBRD,KRZN,KPKD,KDYT,KAIT,KVWU,KBFW,KLNL,KMDZ,KSTC,KSTP,KCFE,KSGS,KSUW,KLUM,KINL,KGNA,KEAU,KARV
usdmx,KOTM,KSDA,KADU,KMLE,KIOW,KAEL,KLWD,KTNU,KIRK,KPRO,KFRM,KAFK,KSPW,KOXV,KPMV,KAUM,KDSM,KOOA,KCIN,KCID,KCDJ,KAHQ,KLRJ,KEBS,KBNW,KDNS,KOLZ,KICL,KAIO,KAWG,KSHL,KOMA,KMIW,KFSW,KAXA,KCBF,KCKP,KMXO,KMJQ,KGGI,KCCY,KFOD,KIFA,KRDK,KHNR,KFNB,KTVK,KSLB,KALO,KFXY,KORC,KIIB,KCAV,KPEA,KCSQ,KAMW,KMUT,KI75,KBRL,KCNC,KOFF,KIKV,KEST,KEOK,KFET,KVTI,KBTA,KSTJ,KMPZ,KTQE,KFFL,KDEH,KSUX,KMCW
usdox,KNHK,KW96,KADW,KMRB,KSMQ,KW75,KFYJ,KWAL,KHGR,KLKU,KFAF,KDCA,KMMU,KPNE,KEZF,KFRR,KHZL,KBLM,KOXB,KIAD,KRSP,KHEF,KNEL,KCGE,KCGS,KFCI,KJGG,KDOV,KW29,KDAA,KCXY,KLFI,KWWD,KNYG,KGAI,KNGU,KNUI,KFME,KNTU,KDMH,KDMW,KOMH,KVAY,KMIV,KSBY,KPVG,KLDJ,KMJX,KMDT,KEWR,KRYT,KNAK,KXLL,KJYO,KAKQ,KRDG,KTHV,KACY,KPTW,KORF,KNFE,KMTN,KRIC,KTGI,KMFV,KGED,KMUI,KTTN,KXSA,K7W4,KOFP,KUKT,KESN,KLOM,KDYL,KILG,K2W6,KAPG,KFDK,KLNS,KABE,KRMN,KCJR,KHWY,KBWI,KMQS,KOKV,KPHF,KPHL,KWRI
usdtx,KADG,KBJJ,KTOL,KGOV,KRQB,KGSH,KD95,KEKM,KPOV,KDUH,KLPR,KONZ,KFPK,KRNP,KIRS,KHTL,KMKG,KDTW,CYXU,KCFS,KOZW,KMNN,KPCW,KCGF,KUSE,KHYX,KLNN,KVLL,KP58,KMOP,KARB,CYZR,KY70,KGWB,KYIP,KLWA,KBAX,KJYM,KFNT,KAZO,KJXN,KPTK,KMTC,KMFD,KLAN,KAMN,KOSC,CYQG,KANQ,KIKW,KTEW,KFWA,KCAD,KAOH,KBIV,KFDY,KBTL,KCLE,KDFI,KTDZ,KRMY,KMBS,KTTF,KHAI,KDET,KOEB,KBKL,KPHN,KFFX,KGRR
usdvn,KOTM,KMRJ,KUIN,KMLI,KIOW,KBMI,KMSN,KPNT,KGBG,KTNU,KIRK,KRPJ,KDBQ,KSPI,KOXV,KOOA,KCID,KEFT,KPPQ,KOLZ,KLOT,KSQI,KPWK,KCWI,KAWG,KMIW,KFSW,KDPA,KJVL,KPVB,KMXO,KUGN,KGGI,KMDW,KRYV,KCCY,KDKB,KIFA,KC75,KTVK,KALO,KVYS,KY51,KORD,KIIB,KPEA,KMUT,KMQB,KIJX,KRFD,KPDC,KBRL,KENW,KCNC,KUNO,KIKK,KC29,KEOK,KAAA,KJOT,KFEP,KBUU,KVTI,KC35,KOVS,KLNR,KSFY,KMPZ,KPIA,KFFL,KHAE,KC09,KDEH,KDEC,KDVN
usdyx,KADS,KGOP,KSEP,KFSI,KPWG,KDUC,KBMQ,KGLE,KDTO,KRPH,KGPM,KAFW,KMNZ,KSJT,KLNC,KDAL,KDFW,KDZB,KLZZ,KCDS,KCNW,KCWC,KJWY,KSPS,KRBD,KAXS,KNFW,KLUD,KMKN,KGDJ,KBPG,KACT,KLTS,KBBD,KF05,KLAW,KXBP,KCPT,KHLR,KFTW,KGKY,KCOM,KFWS,KSNK,KDYS,KSWW,KMWL,KILE,KFDR,KABI,K0F2,KAQO,KBWD,KJCT,KBKD,KINJ,KTPL,KGRK
useax,KSDA,KTOP,KJEF,KLWD,KGLY,KLWC,KHFJ,KIRK,KGPH,KAFK,KPPF,KCDJ,KMHK,KMHL,KICL,KRCM,KAIZ,KDMO,KIDP,KLXT,KIXD,KVIH,KFOE,KMKC,KMYZ,KFNB,KTVK,KSGF,KPTS,KSZL,KVER,KEMP,KCSQ,KCNU,KJLN,KTBN,KUNO,KCOU,KFWB,KSTJ,KOJC,KCFV,KFRI,KMCI,KH21
usemx,KSDL,KP08,KDUG,KCHD,KCGZ,KAVQ,KOLS,KDMA,KSAD,KIWA,KRYN,KALK,KTUS,KGEU,KFHU,KGXF,KGYR,KLSB,KLUF,KPHX,KFFZ,KDVT
usenx,KDDH,KSMQ,KWST,KGON,KNYC,KPOU,KNY0,KASH,KMMU,KMMK,KLWM,KHFD,K12N,KHTO,KHZL,KFRG,KAFN,KLEB,KOXC,KEEN,KISP,KLGA,KITH,KSCH,KAVP,KCDW,KJFK,KMHT,KRUT,KCEF,KBAF,KPSF,KGFL,KGTB,KSNC,KN03,KPVD,KLDJ,KORH,KEWR,K6B0,KFOK,KLCI,KALB,KELM,KORE,KMTP,KSLK,KMSV,KPEO,KFIT,KMGJ,KIJD,KPBG,KOWD,KFZY,KBDL,KBDR,KMVL,K1P1,KTEB,KCON,KFWN,KSYR,KSWF,KOQU,KBGM,KHPN,KBTV,KDXR,KVSF,KABE,KSFZ,KMPV,KMPO,KRME,KART,KAQW,KHWV,KMQE,KHVN,KBED
useox,KQHY,KOZR,KA08,KSEM,KASN,KVPS,KPNS,KEZM,KDTS,KEDN,KPRN,KTMA,K0J4,K2J9,KEET,KHEY,KSCD,KAUO,KLGC,KVLD,KTOI,KTLH,K6A1,K6A2,KOPN,KVAD,KEUF,KCEW,KEGI,KDQH,K54J,KCTJ,KCKF,KMXF,KCCO,KTVI,KLSF,KGZH,KALX,K1J0,K40J,KQBL,KECP,KMGM,KMGR,KNPA,KLOR,KANB,KFZG,KHRT,KSXS,KDHN,KNDZ,KMCN,KNSE,KAAF,KBGE,KMAI,KTDR,KCSG,KPXE,KPAM,KABY,KVSH,KBIJ,KACJ,K79J,K1A9,KWRB,KFFC
usepz,KSRR,KATS,KONM,KLRU,KDMN,KELP,KM63,KGDP,KALM,KHMN,MMCS,KCNM,KSVC,KLSB,KBIF,KTCS
usesx,KBJN,KBLH,KEED,KDAG,KDRA,KHND,KHII,KL35,KIFP,KAZC,KNXP,KIGM,KLSV,KVGT,KLAS,KSGU,KINS,KBVU
usevx,KQHY,KOZR,KSEM,KVPS,KPNS,KDTS,KEDN,KPRN,K0J4,K2J9,KHEY,KAUO,KTOI,KTLH,KCQF,KEUF,KCEW,KEGI,K54J,KMOB,KMXF,KJKA,KTVI,KLSF,KGZH,K1J0,K40J,KQBL,KECP,KMGM,KMGR,KNPA,KLOR,KHRT,KSXS,KDHN,KNDZ,KNSE,KAAF,KBGE,KMAI,KTDR,KCSG,KBFM,KPAM,KVOA,KABY,KVSH,KBIJ,KACJ,K79J,K1A9
usewx,KVCT,K11R,KGOP,K66R,KPWG,KSSF,KBMQ,KRND,KCZT,KATT,KPEZ,KEDC,KT82,KCFD,KTME,KMNZ,KRAS,KAUS,KUVA,KDZB,KHYI,KHDO,KLZZ,KCVB,KLHB,KCNW,K3T5,KNGP,KBAZ,KSAT,KRBO,KPSX,KGTU,KELA,KDLF,KT20,KRWV,KRYW,KT35,KCRP,KALI,KACT,KBBD,KTFP,KECU,KBEA,KERV,KHLR,KRKP,KCOT,KGYB,KPKV,KNOG,K5C1,KSKF,KNQI,KILE,KCLL,KSGR,KAQO,KDWH,KJCT,KBYY,KTPL,KARM,KGRK
useyx,KSDB,KVCV,KTOA,KPOC,KF70,KPSP,KRNM,KNXF,KCRQ,KOXR,KONT,KPMD,KRAL,KLGB,KDAG,KHJO,KDRA,KAVX,KNTD,KHND,KMHV,KL35,KVNY,KWJF,KEMT,KHHR,KNFG,KAJO,KVIS,KSBA,KL18,KSBD,KWHP,KNID,KSNA,KIZA,KSLI,KPTV,KCMA,KNXP,KRIV,KLAX,KFUL,KSMO,K9L2,KGXA,KCNO,KTSP,KCQT,KBUR,KEDW,KTRM,KLAS,KMWS,KBFL,KOKB,KINS
usfcx,KMRN,KGSO,KEKN,KW63,KROA,KPOB,KPSK,KLKU,KW99,KSHD,KVBW,KHFF,KTNB,KCHO,KAFP,KBLF,KHKY,KDAN,KW22,KSCR,KCXE,KI16,KAVC,KFBG,KGVE,KPBX,KLHZ,KW31,KHRJ,KJFZ,KRUQ,KRCZ,KLWB,KLYH,KOMH,K5W8,K8W2,KLVL,KW13,KW78,KBCB,KAKH,KSOP,KMKJ,KRDU,KHNZ,KCRW,KJQF,KPTB,KUZA,KIGX,KMTV,KEQY,KHSP,KVJI,K0A9,KHLX,KTTA,KSJS,KVUJ,KUKF,KGEV,KSVH,K0V4,KBUY,KMWK,KTDF,KHBI,KTRI,KEHO,KCLT,KLNP,KJNX,KFVX,KFQD,K6L4,KSIF,KLUA,KBKW,KBKT,KW81,KINT,KEXX,KIPJ
usfdr,KADH,KADM,KGOK,KRQO,KFSI,KDUC,KDUA,KOUN,KGLE,KDTO,KRPH,KAFW,KDFW,KTIK,KPPA,KCDS,K1F0,KWWR,KRCE,KGAG,KPWA,KCWC,KJWG,KSPS,KOJA,KHHF,KAXS,KSNL,KPVJ,KNFW,KLUD,KGDJ,KLTS,KELK,KCSM,KF05,KLAW,KXBP,KEND,KFTW,KCHK,KGYI,KDYS,KMWL,KHBR,KFDR,KCLK,KABI,K0F2,KBKD,KOKC
usfdx,KSRR,KROW,KDUX,KATS,KCVS,KCVN,KPVW,KLVS,KHOB,K4MR,KLBB,KCAO,KQCC,KAMA,KHRX,KDHT,KCQC,KBGD,KTCC,KGNC,K0E0
usffc,KTOC,KMLJ,KHUA,KASN,KVPC,KMMI,KCEU,KEZM,K8A0,KCHA,KATL,KDBN,K3J7,KTMA,KMNV,KEET,KHEY,KSCD,KAUO,KLGC,KTOI,KAGS,KLZU,KCVC,KGVL,K6A1,K6A2,KAHN,KDNN,KDNL,KOPN,KGAD,KEUF,K4A9,K4A6,KCTJ,KCKF,KMXF,KCNI,KPUJ,KRYY,KCCO,KWDR,KAZE,KLSF,KALX,K19A,KIIY,KMGM,KMGE,KPDK,KRHP,KAND,KANB,KFZG,KDZJ,KRZR,KFTY,KDHN,KMCN,K1A5,KHQU,KLQK,KBGF,KCSG,KPXE,KABY,KBHM,KRMG,KBIJ,KACJ,KCMD,KSBO,KOKZ,K1A9,KVDI,KWRB,KFFC,KGRD
usfsd,KOTG,KFSD,KMML,KFRM,KSPW,KONL,KPQN,KMOX,KETH,KCIN,KLRJ,KDNS,KTKC,KMHE,KLYV,KSHL,KAXA,KCKP,KMJQ,K8D3,KOFK,KHON,KFOD,KLCG,KJYG,KMKT,KGDB,KSLB,KBBB,KORC,KULM,KCNB,KBDH,KMVE,KATY,KEST,K9V9,KHCD,KFET,KMWM,KRWF,KBTA,KDXX,KOVL,KABR,KMDS,KYKN,KTQE,KLJF,KAQP,KSUX,KBKX,KVVV,KBVN,KDVP
usfsx,KBXK,KPAN,KSDL,KP08,KRQE,KCHD,KGCN,KCGZ,KAVQ,KJTC,KSAD,KSEZ,KFLG,KGUP,KIWA,KSOW,KGEU,KGXF,KSJN,KINW,KGYR,KPRC,KCMR,KLUF,KPHX,KFFZ,KDVT
usftg,KBJC,KAEJ,KASE,K3MW,KAFF,K1V6,K04V,KMNH,KHEQ,KFCS,KIBM,K7BM,KLIC,KITR,KHDN,K4BM,KCYS,KEGE,KFMM,KSHM,KFLY,KSNY,KLXV,KDLL,KGUC,KPUB,KCCU,KAKO,KMYP,KFNL,K0CO,KLAR,K5SM,KGXY,KANK,KBDU,KFTG,K33V,K20V,KLHX,KCOS,KSYF,KFEW,KAPA,KBFF,KABH,KSTK,K2V5,KEIK,K82V,KLMO,KDEN,KBKF
usfws,KADM,KADS,KGOP,KPSN,KSEP,KJSO,KPWG,KDUC,KDUA,KBMQ,KGLE,KDTO,KRPH,KGPM,KEDC,KPRX,KCFD,KAFW,KJDD,KMNZ,KLNC,KDAL,KDFW,KLZZ,KGVT,KLHB,KCNW,K1F0,KTKI,KTYR,KCWC,KJWY,KJXI,KSPS,KRBD,KLXY,KHHW,KGTU,KPVJ,KNFW,KRWV,KRYW,KLUD,KT35,KDKR,KMKN,KGDJ,KCRS,KACT,KLBR,KHQZ,KLAW,KXBP,KOSA,KRFI,KCPT,KHLR,KSLR,KFTW,KGKY,KCOM,KGYI,KFWS,KDYS,KMWL,KILE,KTRL,KCLL,KABI,K0F2,KAQR,KAQO,KBWD,KBKD,KINJ,KTPL,KF46,KF44,KGRK
usggw,KSDY,KJDN,KISN,KLWT,KMLS,KOLF,KD50,KGGW,KGDV,K20U,KMVH,CYYN,KHVR
usgjx,KPSO,KAEJ,KASE,K3MW,KCPW,K04V,KEEO,K7BM,KHDN,KDRO,K4BM,KRCV,KCEZ,KAIB,KEGE,KAJZ,KLXV,KDLL,KGUC,KPUC,KCCU,KMYP,K0CO,KMTJ,KRIL,KCAG,KVEL,K5SM,KGJT,KANK,KCNY,KBDG,K20V,KTEX,KDWX,KHVE
usgld,KDDC,KGLD,KGCK,KHEQ,K3K3,KLIC,KITR,KHDE,KFMM,KLXN,KSNY,KCBK,KJHN,KAKO,KLBF,KLAA,KHLC,KLHX,KSYF,KOGA,KABH,KSTK,KIML,K2V5,KMCK,KHYS
usgrb,KMRJ,KRQB,KMSN,KMKG,KMNM,KISQ,KPCZ,KRAC,KISW,KAUW,KP53,KCVX,KRRL,KEFT,KTKV,KAIG,KEGV,KCWA,KSAW,KFLD,KJVL,KUNU,KUGN,KLDM,K3D2,KRYV,KSBM,KBCK,KOCQ,KMKE,KETB,KD25,KTVC,KY51,KY50,KCMY,KMTW,KMFI,KOSH,KPBH,KEZS,KRHI,KSJX,KENW,KATW,KESC,KC29,KFKS,KCAD,KBUU,KMWC,KC35,KCLI,KVOK,KLNR,KLNL,KMDZ,KSTE,KIMT,KMBL,K82C,KACB,KUES,KSUE,KARV,KFFX,KGRB
usgrk,KVCT,K11R,KGOP,KPSN,K66R,KSEP,KJSO,KPWG,KSSF,KBMQ,KRND,KATT,KGPM,KPEZ,KEDC,KT82,KCFD,KTME,KMNZ,KIAH,KAUS,KLNC,KDAL,KDFW,KDZB,KHYI,KCXO,KHDO,KLZZ,KCVB,KEFD,KLHB,KCNW,K3T5,KBAZ,KSAT,KJWY,KRBD,KPSX,KLXY,KAXH,KGTU,KNFW,KELA,KT20,KRWV,KRYW,KHOU,KT35,KDKR,KMKN,KGDJ,KCRS,KACT,KBBD,KHQZ,KLVJ,K6R3,KERV,KCPT,KHLR,KUTS,KFTW,KGKY,KCOM,KGYB,KPKV,K5C1,KFWS,KSKF,KMWL,KILE,KTRL,KCLL,KSGR,KAQO,KDWH,KBWD,KJCT,KBYY,KMCJ,KINJ,KTPL,KARM,KF44,KGRK
usgrr,KADG,KTOL,KGOV,KRQB,KGSH,KD95,KEKM,KDUH,KONZ,KGLR,KFPK,KRNP,KIRS,KHTL,KMKG,KDTW,KCFS,KOZW,KOXI,KRAC,KUSE,KHYX,KVLL,KMOP,KARB,KPPO,KY70,KGWB,KRCR,KYIP,KPWK,KLWA,KBAX,KDPA,KASW,KUGN,KLDM,KHHG,KMDW,KSBM,KJYM,KVPZ,KMKE,KETB,KFNT,KAZO,KTVC,KJXN,KPTK,KORD,KMTW,KIGQ,KMTC,KLAN,KAMN,KBEH,KOSC,CYQG,KMGC,KANQ,KENW,KIKW,KTEW,KGYY,KFKS,KFWA,KCAD,KBUU,KBIV,KMWC,KBTL,KSBN,KDFI,KTDZ,KRMY,KMBS,KMBL,KTTF,KHAI,KDET,KACB,KUES,KOEB,KPHN,KARR,KFFX,KGRR
usgsp,KMRN,KTOC,KMLJ,KGSO,KGSP,KSSC,KDCM,KMMT,KMMI,KCEU,KLKR,KTNB,KATL,K3J7,KAFP,KSPA,KMNV,KMNI,KGMU,KHKY,KMOR,KAGS,KLZU,KCVC,KAVC,KAVL,KGVL,KCDN,KAHN,KJFZ,KDNN,KDNL,KBNL,KRUQ,KRCZ,KAIK,KI35,KFLO,KCNI,KRYY,KCUB,KAKH,KMKJ,KWDR,KJQF,KBBP,KUZA,KAQX,K19A,KIIY,KEQY,KCAE,KSMS,KVJI,KMGE,KCQW,KPDK,K0A9,KHLX,KRHP,KAND,KDZJ,KRZR,KNBC,KVUJ,KFTY,KUKF,KGEV,KSVH,K1A5,KGKT,KEOE,KHQU,KGYH,K0VG,KLQK,KMWK,KOQT,KOGB,KHBI,KTRI,KFDW,KEHO,KCLT,KLNP,KUDG,KHVS,KFQD,KLUX,KOKZ,K1A6,KINT,KEXX,KTYS,KIPJ,KGRD
usgwx,KMRC,KFYM,KEYF,KA08,KSEM,KCKM,KHUA,KASN,KDCU,KMSL,KRNV,KUOX,K8A0,KEET,KSCD,KJFX,KOLV,KGWO,KGAD,KAWM,K4A6,KM40,KGTR,KSNH,KPVE,KCBM,KMDQ,KMKL,KMEM,KMEI,KCRX,KALX,KTUP,KHSV,KNQA,K5A6,KNMM,KANB,KUTA,KDYA,K1M4,KJAN,K01M,KSTF,KBHM,KTCL,KCMD,K1A9,KGNF
usgyx,KMLT,KASH,KBML,KLWM,KAFN,KLEB,K1V4,KEEN,KHYA,KBOS,KDAW,KTAN,KWVL,KEFK,KCDA,KMHT,KRUT,KPWM,KHIE,KCWN,KLEW,KPSM,KPVC,KORH,KIWI,K6B0,KLCI,KAUG,KIZG,KORE,KFIT,KOWD,KBVY,KMVL,K1P1,KRKD,KPYM,KCON,KCQX,KMWN,KBGR,CYSC,KGHG,KBTV,KVSF,KSFZ,KSFM,KBHB,KMQE,KGNR,KBED
ushdx,KSRR,KROW,KAEG,KATS,KONM,KE80,KLRU,KDMN,KELP,KM63,KGDP,KALM,KHMN,KQCC,MMCS,KCNM,KSVC,KCQC,KBIF,KABQ,KTCS,K0E0
ushgx,KVCT,K11R,K66R,KVBS,KBMT,KGLS,KCFD,KXIH,KTME,KIAH,KCXO,KCVW,KDRI,KGVX,KEFD,KLHB,KLFK,K3T5,KVAF,KCWF,KPSX,KAXH,KUXL,KELA,KT20,KRWV,KMZG,KHOU,KLCH,KT35,KDKR,KBQX,KOCH,KCRH,KBPT,KBBF,KORG,KVKY,KLBX,K5R8,KLVJ,K6R3,KHQI,KUTS,KRKP,KGYB,KPKV,KEMK,KJAS,KEHC,KCLL,KSGR,KDWH,KBYY,KMCJ,KARM
ushnx,KSDB,KMRY,KSMX,KFAT,KVBG,KMMH,KMER,KPRB,KSBP,KOXR,KPMD,KMOD,KHJO,KCVH,KMHV,KBAN,KO22,KWJF,KVIS,KSBA,KNID,KSNS,KIZA,KWVI,KPTV,KCMA,K9L2,KRHV,KSJC,KNLC,KTSP,KBIH,KMAE,KEDW,KE16,KLPC,KBFL,KSCK,KMCE
ushpx,KPAH,KMRC,KSRB,KM91,KEKQ,KFYM,KEYF,KHUA,KDCU,KDCY,KGLW,KCEY,KMSL,KUCY,KRNC,KCKV,KCGI,KHKA,KCIR,KHSB,KBNA,KOLY,KSYI,KLWV,KEVV,KSNH,KPVE,KAJG,KMDQ,KHOP,KFOA,KMKL,KTHA,KCRX,KHNB,KBWG,KHSV,KCSV,KSDF,KSME,KLOU,KFWC,KFTK,KMVN,KDYR,K5M9,KBGF,KM25,KMWA,K6I2,KEHR,KMDH,KM30,KSIK,KMQY,KOWB,KCUL,KPHT,K2I0,KDVK
ushtx,KMRC,KSRB,KM91,KEKQ,KFYM,KEYF,KHUA,KASN,KDCU,KVPC,KMMI,KGLW,KMSL,KRNC,K8A0,KCHA,KATL,KMNV,KCKV,KEET,KSCD,KLGC,KLZU,KGVL,KJFX,KDNN,KBNA,KSYI,KGAD,K4A9,K4A6,KCTJ,KSNH,KPVE,KCNI,KMDQ,KPUJ,KRYY,KCCO,KHOP,KWDR,KTHA,KCRX,KALX,K19A,KBWG,KHSV,KCSV,KMGE,KRHP,KANB,KDZJ,KRZR,KFTY,K1A5,K1M4,KOQT,KBGF,K01M,KBHM,KRMG,KTCL,KCMD,KMQY,KTYS,KFFC
usict,KDDC,KTOP,KGOK,KPNC,KGBD,K3AU,KIAB,KRSL,KGCM,KAVK,KPPF,KWWR,KICT,KMHK,KRCE,KPWA,KJWG,KIDP,KHUT,KEWK,KCUH,KFOE,KWDG,KRVS,KSLN,KPTS,KPTT,KTUL,KEMP,K1K1,KCQB,KEND,KCNU,KCNK,KEQA,KAAO,KSWO,KWLD,KP28,KCFV,KFRI,KBKN,KOWP,KBVO,KHYS
usicx,KMLF,KDTA,KGCN,KCDC,KPGA,KBCE,KAZC,KLSV,KSGU,KHVE
usiln,KMRT,KBJJ,KTOL,KEYE,KBMG,KHTS,KMNN,KUSE,KZZV,KDAY,KIOB,KCVG,KTZR,KPBX,KSGH,KIND,KTYQ,KGWB,KAID,K3I2,KLEX,KBAK,KMIE,KI39,KAXV,KDLZ,KHHG,KGUS,KLCK,KUYF,KJKL,K1II,KEDJ,KCRW,KMZZ,KI69,KI67,KMFD,KUNI,KLUK,KGEZ,KSDF,KVES,KMQJ,KOSU,KMGY,KLOU,KSJS,KRZT,KPKB,KLHQ,KFWA,KSYM,KAOH,KVTA,K4I3,KILN,K6I2,KFDY,KMWO,KDFI,KTDZ,KIMS,KHAO,K6L4,KFGX,KCMH,KDWU,KOKK,KPHD,KFFT,KFFO,KDVK
usilx,K3LF,KUIN,KTAZ,KMLI,KSET,KHUF,KBMI,KPNT,KGBG,KRPJ,KPRG,KCFJ,KSPI,KBLV,KRSV,KPPQ,KDNV,KOLY,KLOT,KSQI,KLWV,KCWI,KAWG,KSAR,KFSW,KDPA,KAJG,K1H2,KMDW,KTIP,KFOA,KDKB,KFYG,KVPZ,KC75,KSLO,KALN,KVYS,KORD,KIGQ,KMTO,KLAF,KMUT,KMQB,KFKR,KIJX,KRFD,KCPS,KBRL,KRZL,KFWC,KENL,KMVN,KUNO,KIKK,KEOK,KGYY,KAAA,KJOT,KFEP,K4I7,KSFY,KSTL,KMPZ,KPIA,KFFL,KHAE,KC09,KDEC,KCMI,KSUS,KMCX,KARR,KDVN
usind,KGSH,KEKM,KEYE,KHUF,KBMI,KBMG,KDCY,KPNT,KIRS,KPRG,KCFJ,KOXI,KRSV,KDAY,KCVG,KPPO,KSGH,KDNV,KIND,KOLY,KTYQ,KGWB,KRCR,KLWV,KAID,KLEX,KBAK,KMIE,KEVV,KAXV,KASW,KAJG,K1H2,KHHG,KGUS,KGGP,KTIP,KFOA,KUYF,KVPZ,K1II,KEDJ,KHNB,KMZZ,KIGQ,KMTO,KI69,KI67,KLUK,KGEZ,KLAF,KSDF,KVES,KMQJ,KFKR,KMGC,KMGY,KLOU,KANQ,KRZL,KFWC,KFTK,KIKK,KGYY,KFWA,KAOH,K4I7,KILN,KEHR,KMWO,KSBN,KDFI,KIMS,KHAO,KDEC,KCMI,KOWB,KMCX,KOKK,KCUL,KFFT,KFFO
usinx,KADH,KADM,KMLC,KGOK,KRQO,KROG,KJSV,KFSM,KASG,KVBT,KOUN,KPNC,KHFJ,K3AU,KIAB,KGMJ,KXNA,KGCM,KTIK,KPPF,KICT,KRUE,KRCE,KPWA,KIDP,KSLG,KHHW,KSNL,KPVJ,KCUH,KFYV,KMKO,KMEZ,KWDG,KGZL,KRVS,KSGF,KPTS,KBBG,KTUL,KEMP,K1K1,KCQB,KEND,KCNU,KHRO,KOKM,KJLN,KEQA,KCHK,KRKR,KFWB,KAAO,KSWO,KWLD,KTQH,KCFV,KAQR,KBKN,KOWP,KOKC,KBVO
usiwa,KBXK,KPAN,KSDL,KP08,KCHD,KCGZ,KAVQ,KJTC,KOLS,KDMA,KSAD,KSEZ,KFLG,KIWA,KRYN,KSOW,KALK,KTUS,KGEU,KFHU,KGXF,KINW,KGYR,KPRC,KCMR,KLUF,KPHX,KFFZ,KDVT
usiwx,KADG,KMRT,KTOL,KGSH,KEKM,KEYE,KDUH,KONZ,KFPK,KRNP,KIRS,KMKG,KDTW,KPRG,KCFJ,KOZW,KOXI,KMNN,KPCW,KRAC,KUSE,KDAY,KARB,KPPO,KSGH,KY70,KDNV,KIND,KLOT,KTYQ,KGWB,KRCR,KYIP,KPWK,KLWA,KAID,KBAK,KMIE,KDPA,KAXV,KASW,KUGN,KDLZ,KHHG,KGUS,KGGP,KMDW,KTIP,KUYF,KJYM,KVPZ,K1II,KEDJ,KFNT,KAZO,KJXN,KPTK,KMZZ,KORD,KIGQ,KI67,KGEZ,KLAF,KLAN,KVES,KAMN,KMQJ,KBEH,KFKR,KMGC,KMGY,KANQ,KRZL,KENW,KIKK,KTEW,KGYY,KFWA,KJOT,KAOH,KBIV,K4I7,KFDY,KBTL,KMWO,KSBN,KDFI,KTDZ,KRMY,KTTF,KHAI,KHAO,KC09,KOEB,KMCX,KOKK,KARR,KFFX,KFFO,KGRR
usjax,KVQQ,K24J,KSSI,KJES,KEZM,KLEE,KTMA,K28J,KISM,KVLD,KDAB,KSFB,KCGC,KSGJ,KLHW,KTIX,KVAD,KCWV,KDQH,KHXD,KSAV,KOMN,KEVB,KCTY,K42J,KSVN,KHOE,KAYS,KLCQ,KJYL,KBQK,KOCF,KCRG,KAZE,KTVI,KORL,K40J,KFIN,KAMG,KMGR,KFHB,KTTS,KFZG,KJAX,KNRB,KBHC,KARW,KNIP,KDED,KSBO,KBKV,KXFL,KVVG,KTBR,KMCO,KINF,KGNV,KVDI
usjgx,KTOC,KMLJ,KJES,KVPC,KCEU,KEZM,KATL,KDBN,K3J7,KTMA,KAUO,KLGC,KVLD,KAGS,KLZU,KCVC,KGVL,K6A1,K6A2,KAHN,KLHW,KDNL,KBNL,KOPN,KVAD,KEUF,KAIK,KCWV,KDQH,KSAV,KCTJ,KCKF,KCNI,KSVN,KPUJ,KRYY,KCCO,KHOE,KAYS,KJYL,KBQK,KWDR,KAZE,KTVI,KLSF,KALX,KAQX,K19A,KIIY,KAMG,KMGE,KMGR,KPDK,KAND,KFZG,KFTY,KMCN,KEOE,KHQU,KLQK,KBGE,KCSG,KPXE,KABY,KBHC,KBIJ,KACJ,KSBO,KLUX,KTBR,KOKZ,KVDI,KWRB,KFFC,KGRD
usjkl,KEKQ,KPSK,KGLW,KTNB,KHTS,KBLF,KMNV,KMOR,KIOB,KI16,KCVG,KAVC,KPBX,KJFZ,K3I2,KLEX,KI35,KI39,KJKL,KMKJ,KCRW,KI69,KI67,KUNI,KLUK,KCSV,KSDF,KSME,KVJI,KMGY,K0A9,KLOU,KHLX,KSJS,KRZT,KFTK,KGEV,KGKT,KLHQ,K0VG,KLOZ,KSYM,KOQT,KILN,K6I2,KTRI,KMWO,KLNP,KIMS,KHAO,K6L4,KFGX,KDWU,KBKW,K1A6,KTYS,KFFT,KDVK
uslbb,KDUX,KCVS,KCVN,KPPA,KCDS,KPVW,KHOB,K4MR,KBPG,KLBB,KF05,KAMA,KHRX,KSNK,KDYS,KSWW,KBGD,KMAF,KE11,KMDD,KABI,KODO,KTCC,KINK,KGNC
uslch,KVQT,KPOE,KAEX,KVBS,KBMT,KGLS,KXIH,KIAH,KF17,KCXO,KSCF,KCVW,KDRI,KL38,KGVX,KEFD,KLFK,KLFT,KOPL,KCWF,K7R4,K7R3,KAXH,KUXL,K3R7,KIER,KIYA,KEIR,KHOU,KLCH,KP92,KOCH,KCRH,KBPT,KPTN,KORG,KLBX,K5R8,KLVJ,K6R3,KHQI,KUTS,KAQV,KESF,KJAS,KBTR,KEHC,KSGR,KACP,KHZR,KDWH,KBKB,KMCJ,KARA
uslgx,CYVR,KUAO,KUIL,KSEA,KAST,CYWH,KKLS,KMMV,KRNT,KNUW,KSPB,KBLI,KTMK,KTTD,CYYJ,KPLU,KOLM,KPAE,KPWT,KHIO,KAWO,KTIW,KORS,KSMP,KPDX,KFHR,KNOW,KVUO,KHQM,KSHN,KCLS,KCLM,KBFI,KTCM,CYCD,KBVS,KGRF
uslix,KBXA,K1B7,KHUM,KASD,K7N0,KMSY,KGPT,KSPR,KHEZ,KNEW,KPQL,KHKS,KHDC,KSCF,KL38,KCQF,KLFT,KOPL,KGAO,K7R4,K7R3,KJVW,KNBG,KMOB,KDLP,KAXO,KIYA,KMDJ,KJKA,KP92,KMYT,KMEI,KPTN,KVKS,KHSA,K9F2,K1L0,KJAN,KBIX,KHBG,KBTR,KBFM,KVOA,K1R7,KPIB,KHZR,KXPY,KMCB,KARA,KBVE
uslnx,KONL,KTIF,KHEQ,KAUH,KHDE,KCDR,KICR,KAIA,KMIS,KLXN,KSNY,KIEN,KEAR,KBBW,KLBF,KHSI,KANW,K9V9,KOGA,KVTN,KODX,KIML,KMCK,KBVN,KGRI
uslot,KMRJ,KMLI,KGSH,KEKM,KEYE,KBMI,KMSN,KPNT,KGBG,KIRS,KMKG,KRPJ,KDBQ,KPRG,KCFJ,KSPI,KOXI,KRAC,KEFT,KPPO,KDNV,KLOT,KSQI,KRCR,KPWK,KLWA,KCWI,KFLD,KDPA,KJVL,KASW,KPVB,KUNU,KUGN,KHHG,KGUS,KGGP,KMDW,KTIP,KRYV,KSBM,KDKB,KVPZ,KMKE,KETB,KAZO,KC75,KVYS,KMZZ,KORD,KIGQ,KMTO,KLAF,KBEH,KMQB,KFKR,KMGC,KRFD,KRZL,KENW,KIKK,KC29,KGYY,KAAA,KJOT,KFEP,KBUU,KBIV,KMWC,K4I7,KSBN,KSFY,KPIA,KHAI,KC09,KDEC,KCMI,KUES,KMCX,KOKK,KARR,KDVN
uslrx,KEKO,K05U,KP68,KNFL,KREO,KELY,KENV,KLOL,KWMC
uslsx,K3LF,KPAH,KUIN,KTAZ,KPOF,KSET,KJEF,KIRK,KSPI,KBLV,KCGI,KCIR,KHSB,KPPQ,KOLY,KMHL,KAIZ,KDMO,KSAR,KFSW,KFAM,KVIH,K1H2,KFOA,KFYG,KSLO,KALN,KVER,KMTO,KMQB,KIJX,KCPS,KBRL,KFWC,KENL,KTBN,KMVN,KUNO,KEOK,KCOU,KAAA,KMWA,KMDH,KM30,KSTL,KPIA,KHAE,KDEC,KSIK,KSUS,KCUL,KH21
usltx,KMRH,KGSB,KPOB,KNKT,KSSC,KMMT,KHFF,KLKR,KCHS,KCKI,KNJM,KAFP,KMNI,KISO,KHYW,KSCR,KETC,KFBG,KCDN,KLHZ,KLRO,KHRJ,KGWW,KRCZ,K5W8,KRBW,KCTZ,KFLO,KDPL,KFAY,KRWI,KPGV,KGGE,KNBT,KEWN,KCUB,KSOP,KOCW,KMKS,KMYR,KMEB,KRDU,KCRE,KBBP,KLBT,KIGX,KEQY,KNCA,KSMS,KOAJ,KCQW,KCPC,KTTA,KJZI,KNBC,KVUJ,KDYB,KOGB,KMAO,KHBI,KJNX,KUDG,KILM,KHVS,KSUT
uslvx,KSRB,KM91,KEKQ,KEYE,KHUF,KBMG,KDCY,KGLW,KPRG,KCFJ,KRSV,KCKV,KHSB,KIOB,KCVG,KBNA,KIND,KOLY,KTYQ,KLWV,KAID,KLEX,KBAK,KEVV,KI39,KAJG,KHOP,KFOA,KJKL,K1II,KHNB,KI69,KI67,KBWG,KLUK,KGEZ,KCSV,KSDF,KSME,KMQJ,KMGY,KLOU,KFWC,KFTK,KLOZ,KSYM,K5M9,K4I7,KILN,K6I2,KEHR,KMWO,KIMS,KHAO,KFGX,KMQY,KOWB,K1A6,KCUL,K2I0,KFFT,KDVK
uslwx,KNHK,KW96,KADW,KMRB,KW75,KFYJ,KEKN,KWAL,KHGR,KJST,KLKU,KSEG,KCKB,KFAF,KW99,KSHD,KVBW,KDCA,KPNE,KEZF,KCHO,KFRR,KOXB,KIAD,KRSP,KHEF,KCGE,KCGS,KFCI,KJGG,KDOV,KW22,KW29,KDAA,KCXY,KGVE,KW31,KLFI,KWWD,KNYG,KGAI,KNUI,KFME,KLYH,KDMH,KDMW,KOMH,KMIV,KIDI,K8W2,KSBY,KCBE,KLVL,KW13,KMDT,KRYT,KNAK,KJYO,KAKQ,KRDG,KTHV,KPTW,KPTB,KLBE,KUNV,KMTN,KRIC,KTGI,KMFV,KGED,KFIG,KMUI,KMGW,KXSA,K7W4,KOFP,KUKT,KESN,K0V4,KLOM,KAOO,KILG,K2W6,KAPG,KFDK,KLNS,KFVX,KRMN,KCJR,KHWY,KBWI,KMQS,KLUA,KBKT,KW81,K2G9,K2G4,KOKV,KPHF,KPHL
uslzk,KADF,KLLQ,KSRC,KJBR,KROG,KJSV,KFSM,KCKM,KASG,KVBT,KGLH,KRNV,KXNA,KLIT,KCDH,KLRF,KOLV,KRUE,KAWM,KTXK,KPBF,KFLP,KCCA,KHOT,KFYV,KBQP,KMEM,KMEZ,K4M9,KBPK,KELD,KBBG,KNQA,KHRO,KUTA,KM19,KBVX,KRKR,KFWB,KMWT,KSGT,KDEQ,KBYH,KARG
usmaf,KMRF,KOZA,KFST,KATS,KSPD,KSJT,KHOB,KSOA,KGDP,KBPG,KLBB,K6R6,KPEQ,KCNM,KSNK,KDYS,KSWW,KMAF,KE11,KMDD,KABI,KODO,KINK,KGNC,KE38
usmax,KO54,KLKV,KBOK,KOTH,KMHS,KEUG,KCEC,KRBL,KRBG,KFOT,KRDD,KLMT,KMFR,KSIY,KSXT,KAAT,KACV,KO86
usmbx,K5H4,K06D,CYEN,KHZE,K46D,KISN,KS32,K7L2,KMOT,KD60,KN60,KRUG,KD50,KD57,KD55,KMIB,K9D7,K96D,KJMS,KDIK,K2C8,KY19,K08D,KS25,KBIS,CYBR,KDVL
usmhx,KMRH,KGSB,KPOB,KNKT,KASJ,KHFF,KEDE,KNJM,KONX,KISO,KHYW,KETC,KFBG,KLHZ,KHRJ,KGWW,KNGU,KNTU,KCTZ,KDPL,KIXA,KFAY,KPVG,KLVL,KRWI,KPGV,KNBT,KEWN,KAKQ,KSOP,KOCW,KMYR,KRDU,KHNZ,KCRE,KORF,KLBT,KNFE,KIGX,KNCA,KEMV,KHSE,KECG,KOAJ,KCPC,KCPK,KTTA,KFKN,KMAO,KSFQ,KJNX,KILM,KSUT,KMQI,KFFA
usmkx,KMRJ,KMLI,KMSN,KPNT,KMKG,KRPJ,KDBQ,KOXI,KPCZ,KRAC,KISW,KAUW,KEFT,KPPO,KLOT,KSQI,KPWK,KLWA,KAIG,KCWA,KCWI,KFLD,KDPA,KJVL,KPVB,KUNU,KMXO,KUGN,KLDM,KMDW,KRYV,KSBM,KDKB,KBCK,KVPZ,KOCQ,KMKE,KETB,KC75,KVYS,KY51,KY50,KORD,KCMY,KMTW,KIGQ,KMFI,KOSH,KBEH,KMGC,KRFD,KPDC,KEZS,KENW,KIKK,KATW,KC29,KGYY,KJOT,KFEP,KBUU,KLSE,KBIV,KMWC,KC35,KCLI,KOVS,KVOK,KLNR,KSBN,KSFY,KSTE,KMBL,K82C,KC09,KUES,KSUE,KARR,KFFX,KDVN,KGRB,KGRR
usmlb,KFPR,KSRQ,KMLB,KLEE,KSPG,K28J,KRSW,KPCM,KISM,KPMP,KBOW,KDAB,KVRB,KSFB,KCGC,KSGJ,KTIX,KVNC,KFMY,KOMN,KEVB,KFLL,KXMR,K42J,KOBE,KPGD,KBCT,KZPH,KOCF,KFXE,KORL,KFIN,KLAL,KVDF,KPBI,KTTS,KCOF,KAPF,KCLW,KTPA,KIMM,KGIF,KPIE,KDED,KHWO,KSUA,KBKV,KXFL,KVVG,KMCF,KMCO,KINF,KGNV,KTPF
usmob,KQHY,KBXA,K1B7,KA08,KSEM,KASD,K7N0,KVPS,KMSY,KPNS,KDTS,KEDN,KGPT,KPRN,K0J4,KNEW,KPQL,KHDC,KCQF,KGAO,KCEW,KEGI,K54J,KNBG,KMOB,KDLP,KAXO,KJKA,KMEI,KGZH,KQBL,KHSA,KECP,KNMM,KNPA,KHRT,K1L0,KSXS,KNDZ,KIKT,KNSE,KDYA,KBIX,KHBG,KBFM,KVOA,K1R7,KPIB,K79J,KMCB,KBVE
usmpx,K9MN,KOTG,KADC,KRCX,KTOB,KMGG,KAEL,KXVG,KMML,KRNH,KPNM,KRPD,KFRM,KHZX,KSPW,K04W,KONA,KPQN,KHYR,KAUM,KFCM,KSAZ,KMOX,K14Y,KTKC,KOLG,KROS,KPWC,KY23,KRST,KLXL,KAXN,KAXA,KCBG,KLVN,KDLH,KMJQ,KD39,KUBE,KCCY,KBCK,KJYG,KMKT,KGDB,KFXY,KBBB,KMZH,KRGK,KCMY,KULM,KMSP,KMIC,KFBL,KCOQ,KCAV,KPEX,KY63,KJMR,KOEO,K21D,KANE,KBRD,KRZN,KCNB,KBDH,KMVE,KEST,KGYL,KHCD,KFKA,KSYN,KLSE,KDYT,KMWM,KGHW,KAIT,KRWF,KDXX,KOVL,KSTC,KSTP,KCFE,KLJF,KSGS,KDEH,KACQ,KAQP,KSUW,KVVV,KOWA,KLUM,KMCW,KEAU,KDVP
usmqt,KMNM,KISQ,KAUW,KCIU,KP53,KPLN,KCVX,KRRL,KTKV,KAIG,KEGV,KSAW,KP59,K3D2,KIWD,KOCQ,KD25,CYQT,KMGN,KERY,KEZS,KRHI,KANJ,KSJX,KESC,KFKS,CYAM,KCLI,KLNL,KIMT,KCMX,KSUE,KMCD,KARV,KGRB
usmrx,KMRN,KSRB,KTOC,KEKQ,KGSP,KMMI,KCEU,KRNC,KTNB,KCHA,KSPA,KBLF,KMNV,KGMU,KHKY,KMOR,KIOB,KI16,KAVC,KAVL,KGVL,KPBX,KAHN,KJFZ,KDNN,KLEX,KI35,KI39,KCNI,KJKL,KAKH,KMKJ,KWDR,K19A,KCSV,KSME,KVJI,K0A9,KHLX,KRHP,KSJS,KAND,KDZJ,KRZR,KUKF,KGEV,KSVH,K1A5,KGKT,KGYH,K0VG,KLOZ,KSYM,KLQK,KOQT,K6I2,KTRI,KEHO,KCLT,KLNP,KFQD,K6L4,KLUX,K1A6,KTYS,KIPJ,KDVK,KGRD
usmsx,KMLP,KMSO,KGPI,KP69,KLWS,KGFA,KCTB,KGTF,KDLN,KPUW,KSZT,KCOE,KSMN,KHLN,KBTM,KGIC
usmtx,KJER,KBMC,KHIF,KDTA,KAFO,KFBR,KEVW,K36U,KDPG,KPVU,KPUC,KU42,KBPI,KSLC,KENV,KEMM,KOGD,KTWF,KU16,KLGU,KPIH,KBYI
usmux,KMRY,KVCB,KPAO,KGOO,KFAT,KMER,KNUQ,KEDU,KPRB,KSBP,KSQL,KMOD,KSFO,KHJO,KCVH,KAUN,KMHR,KBAB,KSAC,KO22,KPVF,KLVK,KVIS,KCCR,KMYV,KSNS,KWVI,KO69,KSMF,KOAK,KRHV,KSJC,KNLC,KLHM,KUKI,KMAE,KE16,KAPC,KSTS,KHAF,KHWD,KSCK,KSUU,KMCC,KMCE,KDVO
usmvx,KADC,K5H4,KBJI,K06D,KFAR,KCKN,KXVG,KDTL,K46D,KS32,KROX,KSAZ,KMOX,KETH,KRUG,KGWR,KD55,KGAF,KPWC,KBAC,KGFK,KAXN,KFSE,K8D3,KJKJ,K9D7,KY49,KRDR,K96D,KTVF,KY63,KJMS,K2C8,KBDE,KPKD,KHCO,KVWU,K3N8,KABR,K2D5,KRRT,KBWP,KFFM,KDVL
usmxx,KOZR,KA08,KSEM,KHUA,KASN,KVPS,KVPC,K8A0,KATL,KDTS,KEDN,KPRN,K0J4,K2J9,KEET,KHEY,KSCD,KAUO,KLGC,KTOI,KLZU,KCVC,K6A1,K6A2,KJFX,KOPN,KGAD,KEUF,KCEW,KEGI,K4A9,K4A6,K54J,KCTJ,KCKF,KMXF,KCNI,KPUJ,KRYY,KCCO,KLSF,KGZH,KALX,K1J0,KECP,KMGM,KMGE,KLOR,KANB,KSXS,KFTY,KDHN,KNDZ,KMCN,KNSE,KDYA,KBGE,KMAI,KCSG,KPXE,KABY,KVSH,KBHM,KRMG,KTCL,KBIJ,KACJ,KCMD,K79J,K1A9,KWRB,KFFC
usnkx,KVCV,KTOA,KNYL,KPOC,KF70,KNKX,KPSP,KNSI,KSEE,KRNM,KCZZ,KNXF,KCRQ,KNJK,KOXR,KBLH,KONT,KPMD,KRAL,KLGB,KDAG,KAVX,KNTD,MMTJ,KNUC,KSAN,KL35,KVNY,KWJF,KEMT,KHHR,KNFG,KAJO,KL18,KSBD,KMYF,KWHP,KSNA,KSLI,KCMA,KNXP,KNZY,KRIV,KLAX,KFUL,KSMO,K9L2,KSDM,KGXA,KCNO,KCQT,KBUR,KEDW,KNRS,KTRM,KMWS,KOKB,MMML,KIPL
usnqa,KPAH,KMRC,KSRC,KJBR,KPOF,KEYF,KCKM,KGLH,KCEY,KMSL,KUCY,KRNV,KUOX,KCGI,KHKA,KCIR,KLIT,KLRF,KOLV,KGWO,KAWM,KM40,KGTR,KSNH,KPBF,KPVE,KCBM,KCCA,KMKL,KMEM,K4M9,KCRX,KTUP,KNQA,K5A6,KUTA,KM19,KBVX,KDYR,K1M4,KM25,K01M,KM30,KSTF,KSGT,KSIK,KBYH,KGNF,KPHT,KARG
usoax,KSDA,KADU,KMLE,KLWD,KPRO,KAFK,KSPW,KPMV,KONL,KAUH,KLNK,KDSM,KHJH,KCIN,KAHQ,KLRJ,KEBS,KBNW,KDNS,KOLU,KMHK,KICL,KAIO,KSHL,KOMA,KCBF,KCKP,KOFK,KEAR,KFOD,KLCG,KJYR,KMYZ,KRDK,KHNR,KFNB,KSLB,KORC,KHSI,KCSQ,KAMW,KI75,KCNK,KOFF,KIKV,KFET,KBIE,KBTA,KSTJ,KYKN,KODX,KTQE,KSUX,KBVN,KGRI
usohx,KPAH,KMRC,KSRB,KM91,KEKQ,KFYM,KEYF,KHUA,KDCU,KMMI,KGLW,KCEY,KMSL,KUCY,KRNC,K8A0,KCHA,KMNV,KCKV,KDNN,KBNA,KSYI,K4A9,K4A6,KEVV,KSNH,KPVE,KMDQ,KHOP,KMKL,KTHA,KCRX,KHNB,KBWG,KHSV,KCSV,KSDF,KSME,KLOU,KRZR,KFTK,KLOZ,K1M4,K5M9,KOQT,KBGF,KM25,K01M,K6I2,KEHR,KM30,KRMG,KCMD,KMQY,KOWB,KPHT,KTYS,K2I0,KDVK
usokx,KDDH,KSMQ,KWST,KGON,KNYC,KPOU,KASH,KMMU,KMMK,KPNE,KHFD,K12N,KHTO,KFRG,KAFN,KBLM,KOXC,KEEN,KISP,KNEL,KHYA,KLGA,KBOS,KTAN,KSCH,KAVP,KCDW,KJFK,KCEF,KFMH,KBAF,KPSF,KVAY,KSNC,KPVD,KLDJ,KMJX,KORH,KEWR,KEWB,KFOK,KXLL,KALB,KACY,KPTW,KORE,KMTP,KMSV,KFIT,KMGJ,KIJD,KOWD,KTTN,KBDL,KBDR,KMVY,KUKT,KTEB,KPYM,KUUU,KLOM,KFWN,KDYL,KSWF,KBID,KOQU,KGHG,KHPN,KDXR,KABE,KSFZ,KMPO,KACK,KAQW,KHWV,KMQE,KPHL,KWRI,KHVN,KBED
usotx,KMLP,KPSC,K65S,KDEW,KLWS,KOMK,K1YT,KPUW,KEAT,KEPH,KALW,KELN,KSZT,KGEG,KCOE,KPDT,KHRI,KSKA,KMWH,K1QW,KSFF,KGIC,CYCG,K1S5
uspah,K3LF,KPAH,KMRC,KJBR,KM91,KPOF,KDCY,KCEY,KUCY,KBLV,KRSV,KCKV,KCGI,KHKA,KCIR,KHSB,KBNA,KOLY,KLWV,KSAR,KEVV,KSNH,KPVE,KAJG,KFAM,K1H2,KHOP,KFOA,KMKL,K4M9,KCRX,KHNB,KSLO,KALN,KBWG,KNQA,KCPS,KFWC,KENL,KMVN,KDYR,K5M9,KM25,KMWA,KEHR,KMDH,KM30,KSTL,KSIK,KSUS,KMQY,KOWB,KBYH,KCUL,KPHT,K2I0,KARG
uspbz,KMRB,KBJJ,KEKN,KPOV,KHGR,KJST,KSEG,KCKB,KDUJ,KLPR,KW99,KFRR,KHZY,KMNN,KCGF,KAGC,KLNN,KW22,KZZV,KOLE,KUCP,K3I2,KIDI,K8W2,KCBE,KJHW,KDLZ,KLCK,KDKK,KAKR,KLBE,KHLG,KUNV,KMFD,KUNI,KCAK,KFIG,KOSU,KMGW,KYNG,KERI,KGKJ,KPKB,KLHQ,KFKL,KAOO,KVTA,K4I3,KBTP,KCLE,KBFD,KPIT,KCMH,KAFJ,KBKL,K2G9,K2G4,KOKV,KPHD,KBVI
uspdt,KPSC,KGCD,KBNO,KLGD,KLWS,K1YT,KONO,KDLS,KYKM,KPUW,KEAT,KMYL,KMEH,KRDM,KEPH,KALW,KELN,KGEG,KPDT,KHRI,KSKA,KMWH,K1QW,KS39,KGIC,KBKE,K1S5
uspoe,KMLU,KPOE,KAEX,KJSO,KASL,KVBS,KBMT,KDTN,KMNE,KRSN,KHEZ,KF17,KCVW,KDRI,KL38,KLFK,KLFT,KOPL,KCWF,K7R4,K7R3,KBAD,KUXL,K3R7,KIER,KIYA,KGGG,KLCH,KDKR,KP92,KBQP,KOCH,KTVR,KBPT,KPTN,KELD,KORG,KVKS,K5R8,K6R3,KRFI,KAQV,KESF,KJAS,KSHV,KBTR,KACP,KHZR,KBKB,KMCB,KARA
uspux,KBJC,KAEJ,KGLD,KAFF,K1V6,K04V,KMNH,KFCS,K3K3,K7BM,KLIC,KITR,KTAD,K4BM,KRCV,KFMM,KSHM,KAXX,KFLY,KRTN,KJHN,KLXV,KDLL,KGUC,KPUB,KCCU,KAKO,KMYP,KFNL,K0CO,KALS,KCAO,KLAA,KGXY,KANK,KBDU,KFTG,KLHX,KCOS,KVTP,KAPA,KABH,KEIK,KLMO,KDEN,KBKF
usrax,KW96,KMRH,KGSB,KGSO,KW63,KROA,KPOB,KNKT,KASJ,KFAF,KHFF,KLKR,KEDE,KNJM,KAFP,KONX,KISO,KHYW,KFCI,KJGG,KDAN,KSCR,KETC,KCXE,KFBG,KCDN,KLHZ,KW31,KHRJ,KRUQ,KGWW,KRCZ,KNGU,KLYH,K5W8,KCTZ,KFLO,KDPL,KIXA,KFAY,KPVG,KLVL,KW78,KRWI,KPGV,KNBT,KEWN,KBCB,KAKH,KAKQ,KSOP,KOCW,KMYR,KRDU,KHNZ,KCRE,KJQF,KPTB,KBBP,KUZA,KLBT,KNFE,KIGX,KMTV,KRIC,KEQY,KHSP,KNCA,KEMV,KECG,KOAJ,KCQW,KCPC,KCPK,KHLX,KTTA,KVUJ,KUKF,KSVH,KOFP,K0V4,KFKN,KBUY,KMWK,KMAO,KTDF,KHBI,KCLT,KSFQ,KJNX,KFVX,KUDG,KILM,KHVS,KSIF,KSUT,KBKT,KW81,KINT,KEXX,KPHF,KIPJ
usrgx,KGOO,KMMH,KRNO,KEDU,KBLU,KCIC,KCXP,KAUN,KMHR,KRBL,KBAN,KBAB,KSAC,KO22,KPVF,KNFL,KRTS,KMYV,KMEV,KTVL,KSMF,KLHM,KLOL,KAAT,KUKI,KTRK,KOVE,KWMC,KMCC
usriw,KPOY,KDUB,KPNA,KEHY,KAFO,KP60,KFBR,KSAA,KBPI,KRIW,KGEY,KU68,KDIJ,KCPR,KRKS,KCOD,KEMM,KFWZ,KJAC,KRWL,KSHR,KLND,KDWX,KBYG,KTBX,KWRL
usrlx,KEKN,KROA,KPSK,KCKB,KW99,KVBW,KTNB,KHTS,KBLF,KW22,KZZV,KIOB,KI16,KAVC,KTZR,KPBX,KJFZ,KLWB,KLYH,K3I2,KI35,KI39,KW13,KLCK,KUYF,KJKL,KBCB,KMKJ,KCRW,KHLG,KMTV,KI69,KUNI,KHSP,KVJI,KOSU,KMGW,K0A9,KHLX,KSJS,KRZT,KUKF,KGEV,KPKB,KLHQ,K0VG,KSYM,KMWK,KVTA,K4I3,KILN,KTRI,KLNP,K6L4,KFGX,KCMH,KAFJ,KDWU,KBKW,KPHD
usrtx,KUAO,KSEA,KAST,KKLS,KMMV,KONP,KRNT,KSPB,KTMK,KTTD,KPLU,KCVO,KOLM,KEUG,KPWT,KHIO,K1YT,KDLS,KTIW,KYKM,KRDM,KELN,KSMP,KSLE,KPDX,KBDN,KVUO,KHQM,KSHN,KCLS,KBFI,KS39,KTCM,K1S5,KGRF
ussfx,KJER,KBMC,KPNA,KHIF,KAFO,KP60,KIDA,KEVW,KSNT,KDLN,KRXE,KBPI,KDIJ,KSMN,KLLJ,KWYS,KEMM,KJAC,KOGD,KTWF,KU16,KLGU,KPIH,KSUN,KBYI
ussgf,KROG,KJSV,KFSM,KASG,KJEF,KVBT,KGLY,KHFJ,KGPH,KGMJ,KXNA,KGCM,KPPF,KMHL,KRUE,KRCM,KAIZ,KDMO,KIDP,KSLG,KLXT,KIXD,KVIH,KFLP,KCCA,KFYV,KMKC,KBPK,KSGF,KPTS,KBBG,KSZL,KVER,KCNU,KHRO,KJLN,KTBN,KBVX,KCOU,KFWB,KTQH,KOJC,KCFV,KH21,KBVO
usshv,KADF,KLLQ,KMLU,KPOE,KPSN,KAEX,KJSO,KASL,KDTN,KPRX,KJDD,KMNE,KRSN,KF17,KDRI,KGVT,KCDH,KLFK,KTYR,KBAD,KJXI,K4O4,KHHW,KTXK,KIER,KGGG,KHOT,KDKR,KBQP,KOCH,KMEZ,KCRS,KELD,KLBR,K5R8,KOSA,KRFI,KSLR,KAQV,KESF,KJAS,KMWT,KTRL,KSHV,KDEQ,KACP,KBKB,KF44
ussjt,KOZA,KFST,KSEP,KBMQ,KT82,KSPD,KMNZ,KSJT,KDZB,KLZZ,KDRT,KSOA,KMKN,KBPG,KBBD,K6R6,KECU,KERV,KCOM,KSNK,KDYS,KSWW,KMAF,KE11,KMDD,KABI,KODO,KAQO,KBWD,KJCT,KBKD
ussox,KSDB,KVCV,KTOA,KPOC,KF70,KNKX,KPSP,KNSI,KSEE,KRNM,KCZZ,KNXF,KCRQ,KNJK,KOXR,KONT,KPMD,KRAL,KLGB,KDAG,KAVX,KNTD,KMHV,MMTJ,KNUC,KSAN,KL35,KVNY,KWJF,KEMT,KHHR,KNFG,KAJO,KSBA,KL18,KSBD,KMYF,KWHP,KNID,KSNA,KIZA,KSLI,KCMA,KNXP,KNZY,KRIV,KLAX,KFUL,KSMO,K9L2,KSDM,KGXA,KCNO,KTSP,KCQT,KBUR,KEDW,KNRS,KTRM,KMWS,KBFL,KOKB,MMML,KIPL
ussrx,KADH,KADF,KSRC,KMLC,KROG,KJSV,KFSM,KASG,KDUA,KVBT,KHFJ,KPRX,KGMJ,KXNA,KGCM,KLIT,KCDH,KLRF,KRUE,KIDP,KSLG,K4O4,KHHW,KTXK,KSNL,KFLP,KCCA,KHOT,KCUH,KFYV,KMKO,KMEZ,KGZL,KRVS,KBPK,KSGF,KPTS,KBBG,KLBR,KTUL,KCQB,KHRO,KOKM,KJLN,KRKR,KFWB,KMWT,KTQH,KDEQ,KCFV,KAQR,KOWP,KBVO
ustbw,KFPR,KSRQ,KMLB,KLEE,KSPG,K28J,KRSW,KPCM,KISM,KBOW,KDAB,KVRB,KSFB,KCGC,KTIX,KVNC,KFMY,KOMN,KEVB,KCTY,KXMR,K42J,KOBE,KPGD,KZPH,KOCF,KMKY,KORL,KFIN,KLAL,KVDF,KTTS,KCOF,KAPF,KCLW,KTPA,KIMM,KGIF,KPIE,KDED,KSUA,KBKV,KXFL,KVVG,KMCF,KMCO,KINF,KGNV,KTPF
ustfx,KMSO,KGPI,KBZN,KLWT,KGFA,KCTB,KGTF,KLVM,KHLN,KMVH,KBTM,KHVR
ustlh,KVQQ,KQHY,KOZR,K24J,KVPS,KEZM,KDTS,KEDN,KTMA,K0J4,K2J9,KHEY,KVLD,KTOI,KCGC,KTLH,K6A1,KVAD,KEUF,KCEW,KEGI,KDQH,K54J,KCTY,KCKF,K42J,KHOE,KAYS,KLCQ,KOCF,KAZE,KTVI,KLSF,K1J0,K40J,KQBL,KECP,KAMG,KMGR,KLOR,KFZG,KHRT,KSXS,KDHN,KAAF,KBGE,KMAI,KTDR,KCSG,KPXE,KPAM,KABY,KVSH,KBHC,KBIJ,KACJ,K79J,KGNV
ustlx,KADH,KADM,KMLC,KGOK,KRQO,KJSV,KFSI,KDUC,KDUA,KOUN,KPNC,KGLE,KDTO,KGCM,KTIK,KAVK,K1F0,KWWR,KRCE,KPWA,KCWC,KJWG,KIDP,KSPS,KOJA,KHHW,KAXS,KSNL,KPVJ,KLUD,KCUH,KMKO,KWDG,KGZL,KRVS,KLTS,KELK,KTUL,KCSM,KF05,KLAW,KXBP,KCQB,KEND,KOKM,KCHK,KRKR,KGYI,KSWO,KHBR,KWLD,KFDR,KCLK,KTQH,K0F2,KAQR,KBKN,KOWP,KOKC,KBVO
ustwx,KSDA,KTOP,KMLE,KGLY,KLWC,KGBD,KGPH,K3AU,KAFK,KPMV,KIAB,KRSL,KLNK,KHJH,KPPF,KCDJ,KICT,KMHK,KICL,KRCM,KIDP,KLXT,KIXD,KHUT,KEWK,KFOE,KJYR,KMKC,KMYZ,KRDK,KFNB,KSLN,KPTS,KSZL,KEMP,K1K1,KCNU,KCNK,KEQA,KOFF,KAAO,KBIE,KWLD,KSTJ,KOJC,KCFV,KFRI,KMCI
ustyx,KDDH,KNY0,KFSO,KMSS,CYGK,KDSV,KITH,KSCH,KROC,KRUT,KPSF,KGFL,KGTB,KN03,K6B0,KALB,KELM,CYPQ,KSLK,KMSV,KPEO,KPBG,KFZY,CYND,CYOW,KSYR,KBGM,KBTV,CYTR,KMPV,KRME,KART,KAQW,CYUL
usudx,KSPF,KRAP,KGCC,KHEI,KPHP,KCDR,KRCA,KAIA,KMIS,KIEN,KCUT,KECS,KW43,KD07,KVTN,K2WX,KPIR
usuex,KMLE,KGBD,KAFK,KPMV,KONL,KRSL,KAUH,KLNK,KHDE,KHJH,KAHQ,KOLU,KMHK,KOMA,KLXN,KCBK,KOFK,KEAR,KJYR,KMYZ,KFNB,KSLN,KBBW,KLBF,KHSI,KHLC,KCNK,KOFF,KFET,KBIE,KBTA,KODX,KFRI,KMCK,KBVN,KGRI,KHYS
usvax,KVQQ,K24J,KSSI,KJES,KEZM,KDBN,KTMA,K28J,K2J9,KVLD,KCGC,KTLH,K6A1,KSGJ,KLHW,KVAD,KEUF,KCWV,KDQH,KSAV,KCTY,KCKF,K42J,KSVN,KHOE,KAYS,KLCQ,KJYL,KBQK,KOCF,KCRG,KAZE,KTVI,KLSF,K40J,KFIN,KAMG,KMGR,KFHB,KFZG,KDHN,KMCN,KAAF,KJAX,KBGE,KMAI,KNRB,KPXE,KABY,KBHC,KBIJ,KNIP,KACJ,KSBO,KXFL,KVVG,KTBR,KOKZ,KINF,KGNV,KVDI,KWRB
usvbx,KSDB,KMRY,KTOA,KSMX,KNSI,KFAT,KVBG,KPRB,KSBP,KOXR,KPMD,KLGB,KHJO,KAVX,KNTD,KMHV,KVNY,KWJF,KEMT,KHHR,KVIS,KSBA,KWHP,KSNS,KIZA,KSLI,KPTV,KCMA,KLAX,KFUL,KSMO,K9L2,KNLC,KTSP,KCQT,KBUR,KMAE,KEDW,KLPC,KMWS,KBFL
usvnx,KDDC,KGOK,KRQO,KFSI,KOUN,KPNC,KGBD,K3AU,KIAB,KRSL,KGCM,KTIK,KAVK,KPPF,KWWR,KICT,KRCE,KGAG,KPWA,KJWG,KIDP,KOJA,KHHF,KSNL,KPVJ,KHUT,KEWK,KCUH,KWDG,KRVS,KSLN,KPTT,KELK,KTUL,KEMP,KCSM,KLAW,K1K1,KCQB,KEND,KOKM,KEQA,KCHK,KPYX,KAAO,KSWO,KHBR,KWLD,KCLK,KP28,KCFV,KBKN,KOWP,KOKC,KBVO
usvtx,KSDB,KVCV,KTOA,KSMX,KPOC,KF70,KNSI,KVBG,KNXF,KCRQ,KPRB,KSBP,KOXR,KONT,KPMD,KRAL,KLGB,KDAG,KHJO,KAVX,KNTD,KMHV,KNUC,KL35,KVNY,KWJF,KEMT,KHHR,KNFG,KAJO,KVIS,KSBA,KL18,KSBD,KWHP,KNID,KSNA,KIZA,KSLI,KPTV,KCMA,KRIV,KLAX,KFUL,KSMO,K9L2,KGXA,KCNO,KNLC,KTSP,KCQT,KBUR,KEDW,KLPC,KMWS,KBFL,KOKB
usvwx,K3LF,KPAH,KTAZ,KM91,KEYE,KHUF,KBMG,KDCY,KGLW,KCEY,KUCY,KPRG,KCFJ,KSPI,KBLV,KRSV,KCKV,KCGI,KCIR,KHSB,KDNV,KIND,KOLY,KLWV,KBAK,KSAR,KEVV,KAJG,KFAM,K1H2,KTIP,KHOP,KFOA,K1II,KHNB,KSLO,KALN,KMTO,KBWG,KGEZ,KSDF,KMQJ,KFKR,KCPS,KLOU,KFWC,KENL,KFTK,KMVN,K5M9,KM25,K4I7,KMWA,K6I2,KEHR,KMDH,KM30,KSTL,KIMS,KDEC,KCMI,KSIK,KOWB,KCUL,KPHT,K2I0,KFFT
usyux,KBXK,KNYL,KNKX,KPSP,KSEE,KRNM,KCZZ,KNJK,KBLH,MMTJ,KHII,KSAN,KMYF,KNXP,MMPE,KNZY,KSDM,KGXF,KGYR,KNRS,KTRM,KLUF,MMML,KIPL
